"Suburb_Code","Suburb_Name","Tot_15_24_FtPt"
"20001","Abbeyard",0
"20002","Abbotsford (Vic.)",366
"20003","Aberfeldie",219
"20004","Aberfeldy",0
"20005","Acheron",4
"20006","Ada",0
"20007","Adams Estate",0
"20008","Addington",0
"20009","Adelaide Lead",0
"20010","Agnes",0
"20011","Aire Valley",0
"20012","Aireys Inlet",8
"20013","Airly",0
"20014","Airport West",148
"20015","Albacutya",0
"20016","Albanvale",155
"20017","Albert Park (Vic.)",143
"20018","Alberton (Vic.)",0
"20019","Alberton West",0
"20020","Albion (Vic.)",161
"20021","Alexandra (Vic.)",19
"20022","Alfredton",271
"20023","Allambee",3
"20024","Allambee Reserve",0
"20025","Allambee South",0
"20026","Allans Flat",0
"20027","Allansford",6
"20028","Allendale",0
"20029","Allestree",0
"20030","Alma (Vic.)",0
"20031","Almonds",0
"20032","Almurta",0
"20033","Alphington",231
"20034","Altona (Vic.)",228
"20035","Altona Meadows",486
"20036","Altona North",275
"20037","Alvie",0
"20038","Amherst",0
"20039","Amor",0
"20040","Amphitheatre",4
"20041","Anakie",6
"20042","Ancona",0
"20043","Anderson",0
"20044","Anglers Rest",0
"20045","Anglesea",29
"20046","Annuello",0
"20047","Antwerp",0
"20048","Apollo Bay (Vic.)",7
"20049","Appin (Vic.)",0
"20050","Appin South",0
"20051","Apsley (Vic.)",0
"20052","Ararat",55
"20053","Arawata",0
"20054","Arbuckle",0
"20055","Arcadia (Vic.)",0
"20056","Arcadia South",0
"20057","Archdale",0
"20058","Archdale Junction",0
"20059","Archerton",0
"20060","Archies Creek",0
"20061","Ardeer",73
"20062","Ardmona",9
"20063","Areegra",0
"20064","Argyle (Vic.)",3
"20065","Armadale (Vic.)",424
"20066","Armstrong",0
"20067","Armstrong Creek (Vic.)",121
"20068","Arnold (Vic.)",0
"20069","Arnold West",0
"20070","Arthurs Creek",14
"20071","Arthurs Seat",3
"20072","Ascot (Ballarat - Vic.)",5
"20073","Ascot (Greater Bendigo - Vic.)",25
"20074","Ascot Vale",587
"20075","Ashbourne (Vic.)",0
"20076","Ashburton",341
"20077","Ashwood",296
"20078","Aspendale",180
"20079","Aspendale Gardens",241
"20080","Athlone",4
"20081","Attwood",147
"20082","Aubrey",0
"20083","Auchmore",0
"20084","Avalon",9
"20085","Avenel",3
"20086","Avoca (Vic.)",3
"20087","Avon Plains",0
"20088","Avondale Heights",326
"20089","Avonmore",0
"20090","Avonsleigh",14
"20091","Axe Creek",5
"20092","Axedale",4
"20093","Ayrford",0
"20094","Bacchus Marsh",97
"20095","Baddaginnie",0
"20096","Badger Creek",11
"20097","Bael Bael",0
"20098","Bagshot",0
"20099","Bagshot North",0
"20100","Bahgallah",0
"20101","Bailieston",0
"20102","Bairnsdale",32
"20103","Bakery Hill",12
"20104","Balaclava (Vic.)",163
"20105","Bald Hills (Vic.)",0
"20106","Balintore",0
"20107","Ballan",24
"20108","Ballangeich",0
"20109","Ballapur",0
"20110","Ballarat Central",250
"20111","Ballarat East",130
"20112","Ballarat North",85
"20113","Ballendella",0
"20114","Balliang",3
"20115","Balliang East",0
"20116","Ballyrogan",0
"20117","Balmattum",0
"20118","Balmoral (Vic.)",3
"20119","Balnarring",50
"20120","Balnarring Beach",9
"20121","Balook",0
"20122","Balwyn",839
"20123","Balwyn North",1257
"20124","Bamawm",5
"20125","Bamawm Extension",0
"20126","Bambra",0
"20127","Bamganie",0
"20128","Bandiana",8
"20129","Bangerang",0
"20130","Bangholme",3
"20131","Bannerton",0
"20132","Bannockburn (Vic.)",54
"20133","Banyan",0
"20134","Banyena",0
"20135","Baranduda",17
"20136","Barfold",5
"20137","Baringhup",3
"20138","Baringhup West",0
"20139","Barjarg",3
"20140","Barkers Creek",7
"20141","Barkly (Vic.)",0
"20142","Barkstead",0
"20143","Barmah",0
"20144","Barnadown",0
"20145","Barnawartha",9
"20146","Barnawartha North",0
"20147","Baromi",0
"20148","Barongarook",6
"20149","Barongarook West",0
"20150","Barrabool",3
"20151","Barrakee",0
"20152","Barramunga",0
"20153","Barraport",0
"20154","Barraport West",0
"20155","Barrys Reef",0
"20156","Barunah Park",0
"20157","Barunah Plains",0
"20158","Barwidgee",0
"20159","Barwite",0
"20160","Barwon Downs",0
"20161","Barwon Heads",71
"20162","Basalt (Vic.)",0
"20163","Bass",0
"20164","Batesford",28
"20165","Bathumi",0
"20166","Baw Baw (Vic.)",0
"20167","Baw Baw Village",0
"20168","Baxter",28
"20169","Bayindeen",0
"20170","Bayles",9
"20171","Baynton (Vic.)",3
"20172","Bayswater (Vic.)",275
"20173","Bayswater North",147
"20174","Beaconsfield (Vic.)",196
"20175","Beaconsfield Upper",78
"20176","Bealiba",0
"20177","Bearii",0
"20178","Bears Lagoon",0
"20179","Beauchamp",0
"20180","Beaufort (Vic.)",12
"20181","Beaumaris (Vic.)",533
"20182","Beazleys Bridge",0
"20183","Beeac",0
"20184","Beech Forest",0
"20185","Beechworth",16
"20186","Beenak",0
"20187","Belgrave",64
"20188","Belgrave Heights",31
"20189","Belgrave South",38
"20190","Bell Park",89
"20191","Bell Post Hill",95
"20192","Bellarine",10
"20193","Bellbird Creek",0
"20194","Bellbrae",12
"20195","Bellbridge",4
"20196","Bellellen",0
"20197","Bellfield (Banyule - Vic.)",52
"20198","Bellfield (Northern Grampians - Vic.)",0
"20199","Bells Beach",0
"20200","Belmont (Vic.)",464
"20201","Bemm River",0
"20202","Bena",0
"20203","Benalla",52
"20204","Benambra",0
"20205","Benayeo",0
"20206","Bend Of Islands",4
"20207","Bendigo",122
"20208","Bendoc",0
"20209","Bengworden",0
"20210","Benjeroop",0
"20211","Benloch",0
"20212","Bennison",0
"20213","Bentleigh",640
"20214","Bentleigh East",916
"20215","Benwerrin",0
"20216","Beremboke",0
"20217","Berrimal",0
"20218","Berringa",3
"20219","Berringama",0
"20220","Berriwillock",3
"20221","Berrybank",0
"20222","Berrys Creek",0
"20223","Berwick",1404
"20224","Bessiebelle",0
"20225","Bet Bet",0
"20226","Bete Bolong",0
"20227","Bete Bolong North",0
"20228","Bethanga",5
"20229","Betley",0
"20230","Beulah (Vic.)",0
"20231","Beverford",0
"20232","Beveridge",22
"20233","Big Desert",0
"20234","Big Hill (Greater Bendigo - Vic.)",0
"20235","Big Hill (Surf Coast - Vic.)",0
"20236","Big Pats Creek",3
"20237","Biggara",0
"20238","Billabong",0
"20239","Bimbourie",0
"20240","Bindi",0
"20241","Binginwarri",0
"20242","Bingo Munjie",0
"20243","Birchip",3
"20244","Birchip West",0
"20245","Birdwoodton",3
"20246","Birregurra",8
"20247","Bittern",32
"20248","Black Hill (Vic.)",62
"20249","Black Range (Vic.)",3
"20250","Black Rock (Vic.)",182
"20251","Blackburn",641
"20252","Blackburn North",270
"20253","Blackburn South",425
"20254","Blackwarry",0
"20255","Blackwood (Vic.)",4
"20256","Blairgowrie",18
"20257","Blakeville",0
"20258","Blampied",3
"20259","Blind Bight",9
"20260","Blowhard",0
"20261","Bo Peep",0
"20262","Bobinawarrah",0
"20263","Bochara",0
"20264","Bogong",0
"20265","Boho",0
"20266","Boho South",0
"20267","Boigbeat",0
"20268","Boinka",0
"20269","Boisdale",0
"20270","Bolangum",0
"20271","Bolinda",4
"20272","Bolton",0
"20273","Bolwarra (Vic.)",0
"20274","Bolwarrah",0
"20275","Bona Vista",3
"20276","Bonang",3
"20277","Bonbeach",90
"20278","Bonegilla",4
"20279","Boneo",6
"20280","Bonn",0
"20281","Bonnie Doon (Vic.)",0
"20282","Bonshaw (Vic.)",3
"20283","Bookaar",3
"20284","Boola",0
"20285","Boolarong",0
"20286","Boolarra",9
"20287","Boolarra South",0
"20288","Boole Poole",0
"20289","Boolite",0
"20290","Boomahnoomoonah",0
"20291","Boonah (Vic.)",0
"20292","Boorcan",0
"20293","Boorhaman",3
"20294","Boorhaman East",0
"20295","Boorhaman North",0
"20296","Boorolite",0
"20297","Boorool",0
"20298","Boort",0
"20299","Boosey",0
"20300","Boralma",0
"20301","Bornes Hill",0
"20302","Boronia",393
"20303","Borung",0
"20304","Bostocks Creek",0
"20305","Botanic Ridge",48
"20306","Boundary Bend",0
"20307","Bowenvale",0
"20308","Boweya",0
"20309","Boweya North",4
"20310","Bowmans Forest",0
"20311","Bowser",0
"20312","Box Hill (Vic.)",1123
"20313","Box Hill North",632
"20314","Box Hill South",590
"20315","Boxwood",0
"20316","Bradford",0
"20317","Bradvale",0
"20318","Braeside",0
"20319","Brandy Creek (Vic.)",0
"20320","Branxholme",3
"20321","Bravington",0
"20322","Braybrook",474
"20323","Breakaway Creek",0
"20324","Breakwater",19
"20325","Breamlea",0
"20326","Brenanah",0
"20327","Brewster",0
"20328","Briagolong",9
"20329","Briar Hill",68
"20330","Bridge Creek",0
"20331","Bridgewater (Vic.)",3
"20332","Bridgewater North",0
"20333","Bridgewater On Loddon",3
"20334","Bright (Vic.)",3
"20335","Brighton (Vic.)",914
"20336","Brighton East",586
"20337","Brim",0
"20338","Brimboal",0
"20339","Brimin",3
"20340","Brimpaen",0
"20341","Bringalbert",0
"20342","Brit Brit",0
"20343","Broadford",44
"20344","Broadmeadows (Vic.)",360
"20345","Broadwater (Vic.)",0
"20346","Brodribb River",0
"20347","Broken Creek",0
"20348","Bromley",0
"20349","Brookfield (Vic.)",154
"20350","Brooklyn (Vic.)",47
"20351","Brookville",0
"20352","Broomfield",3
"20353","Broughton (Vic.)",0
"20354","Brown Hill (Vic.)",61
"20355","Browns Plains (Vic.)",0
"20356","Bruarong",0
"20357","Brucknell",0
"20358","Brumby",0
"20359","Brunswick (Vic.)",1602
"20360","Brunswick East",639
"20361","Brunswick West",768
"20362","Bruthen",4
"20363","Buangor",0
"20364","Buchan",0
"20365","Buchan South",0
"20366","Buckland (Vic.)",0
"20367","Buckley",8
"20368","Buckley Swamp",0
"20369","Buckrabanyule",0
"20370","Budgee Budgee (Vic.)",0
"20371","Budgeree",0
"20372","Budgerum East",0
"20373","Buffalo",0
"20374","Buffalo River",4
"20375","Bulart",0
"20376","Buldah",0
"20377","Bulga (Vic.)",0
"20378","Bulgana",0
"20379","Bulla (Vic.)",8
"20380","Bullaharre",0
"20381","Bullarook",0
"20382","Bullarto",0
"20383","Bullarto South",0
"20384","Bulleen",471
"20385","Bullengarook",4
"20386","Bullioh",0
"20387","Bullumwaal",0
"20388","Buln Buln",9
"20389","Buln Buln East",3
"20390","Bumberrah",0
"20391","Bunbartha",0
"20392","Bundalaguah",0
"20393","Bundalong",7
"20394","Bundalong South",0
"20395","Bundara",0
"20396","Bunding",0
"20397","Bundoora (Vic.)",3173
"20398","Bung Bong",0
"20399","Bungador",0
"20400","Bungal",0
"20401","Bungalally",0
"20402","Bungaree (Vic.)",3
"20403","Bungeet",0
"20404","Bungeet West",0
"20405","Bungil (Vic.)",0
"20406","Bunguluke",0
"20407","Buninyong",80
"20408","Bunkers Hill",7
"20409","Bunyip",42
"20410","Bunyip North",0
"20411","Buragwonduc",0
"20412","Burkes Bridge",0
"20413","Burkes Flat",0
"20414","Burnbank",0
"20415","Burnewang",0
"20416","Burnley",34
"20417","Burnside (Vic.)",173
"20418","Burnside Heights",172
"20419","Burramboot",0
"20420","Burramine",0
"20421","Burramine South",0
"20422","Burrowye",0
"20423","Burrumbeet",0
"20424","Burwood (Vic.)",2491
"20425","Burwood East",726
"20426","Bushfield",5
"20427","Bushy Park (Vic.)",0
"20428","Butchers Ridge",0
"20429","Buxton (Vic.)",0
"20430","Byaduk",0
"20431","Byaduk North",0
"20432","Byawatha",0
"20433","Bylands",7
"20434","Byrneside",0
"20435","Cabarita (Vic.)",3
"20436","Cabbage Tree",0
"20437","Cabbage Tree Creek",0
"20438","Cadello",0
"20439","Cairnlea",446
"20440","Calder Park",0
"20441","Caldermeade",0
"20442","California Gully",38
"20443","Calivil",0
"20444","Callawadda",0
"20445","Callignee",3
"20446","Callignee North",0
"20447","Callignee South",0
"20448","Calrossie",0
"20449","Calulu",0
"20450","Cambarville",0
"20451","Camberwell (Vic.)",1317
"20452","Cambrian Hill",3
"20453","Campbellfield",141
"20454","Campbells Bridge",0
"20455","Campbells Creek",7
"20456","Campbells Forest",0
"20457","Campbelltown (Vic.)",0
"20458","Camperdown (Vic.)",14
"20459","Canadian",145
"20460","Canary Island",0
"20461","Caniambo",0
"20462","Cann River",0
"20463","Cannie",0
"20464","Cannons Creek",8
"20465","Cannum",0
"20466","Canterbury (Vic.)",506
"20467","Cape Bridgewater",0
"20468","Cape Clear",0
"20469","Cape Conran",0
"20470","Cape Otway",0
"20471","Cape Paterson",0
"20472","Cape Schanck",7
"20473","Cape Woolamai",5
"20474","Capels Crossing",0
"20475","Carag Carag",0
"20476","Caralulup",0
"20477","Caramut",0
"20478","Carapooee",0
"20479","Carapooee West",0
"20480","Carapook",0
"20481","Carboor",0
"20482","Cardigan",11
"20483","Cardigan Village",0
"20484","Cardinia",6
"20485","Cardross",3
"20486","Cargerie",0
"20487","Carina (Vic.)",0
"20488","Caringal",0
"20489","Carisbrook",8
"20490","Carlisle River",0
"20491","Carlsruhe",3
"20492","Carlton (Vic.)",6312
"20493","Carlton North",449
"20494","Carlyle",0
"20495","Carnegie",1228
"20496","Carngham",3
"20497","Caroline Springs",685
"20498","Carpendeit",0
"20499","Carrajung",0
"20500","Carrajung Lower",0
"20501","Carrajung South",0
"20502","Carranballac",0
"20503","Carron",0
"20504","Carrum",65
"20505","Carrum Downs",313
"20506","Carwarp",0
"20507","Cashmore",0
"20508","Cassilis (Vic.)",0
"20509","Castella",4
"20510","Casterton",8
"20511","Castle Creek (Vic.)",0
"20512","Castle Donnington",0
"20513","Castlemaine",51
"20514","Catani",11
"20515","Cathcart (Vic.)",0
"20516","Cathkin",0
"20517","Catumnal",0
"20518","Caulfield",299
"20519","Caulfield East",356
"20520","Caulfield North",804
"20521","Caulfield South",583
"20522","Caveat",0
"20523","Cavendish",0
"20524","Ceres",6
"20525","Chadstone",488
"20526","Chandlers Creek",0
"20527","Chapel Flat",0
"20528","Chapple Vale",0
"20529","Charam",0
"20530","Charlemont",4
"20531","Charleroi",0
"20532","Charlton (Vic.)",0
"20533","Chatsworth (Vic.)",0
"20534","Chelsea",123
"20535","Chelsea Heights",111
"20536","Cheltenham (Vic.)",586
"20537","Chepstowe",0
"20538","Cherokee",0
"20539","Cherrypool",0
"20540","Cheshunt",0
"20541","Cheshunt South",0
"20542","Chesney Vale",0
"20543","Chetwynd",0
"20544","Chewton",4
"20545","Chewton Bushlands",0
"20546","Childers (Vic.)",0
"20547","Chillingollah",0
"20548","Chiltern",7
"20549","Chiltern Valley",0
"20550","Chinangin",0
"20551","Chinkapook",0
"20552","Chintin",0
"20553","Chirnside Park",248
"20554","Chirrip",0
"20555","Chocolyn",0
"20556","Christmas Hills (Vic.)",8
"20557","Chum Creek",14
"20558","Churchill (Vic.)",198
"20559","Churchill Island",0
"20560","Chute",0
"20561","Clarendon (Vic.)",0
"20562","Claretown",0
"20563","Clarinda",346
"20564","Clarkefield",3
"20565","Clarkes Hill",0
"20566","Clayton",6041
"20567","Clayton South",706
"20568","Clear Lake",0
"20569","Clematis",0
"20570","Clifton Creek",0
"20571","Clifton Hill",180
"20572","Clifton Springs",111
"20573","Clonbinane",12
"20574","Clover Flat",0
"20575","Cloverlea",0
"20576","Club Terrace",0
"20577","Clunes (Vic.)",10
"20578","Clyde (Vic.)",36
"20579","Clyde North",162
"20580","Clydebank",0
"20581","Clydesdale (Vic.)",0
"20582","Coalville",0
"20583","Cobains",3
"20584","Cobaw",0
"20585","Cobbannah",0
"20586","Cobberas",0
"20587","Cobden",12
"20588","Cobram",34
"20589","Cobram East",0
"20590","Cobrico",0
"20591","Cobungra",0
"20592","Coburg",1120
"20593","Coburg North",253
"20594","Cocamba",0
"20595","Cochranes Creek",0
"20596","Cockatoo (Vic.)",54
"20597","Cocoroc",0
"20598","Codrington (Vic.)",0
"20599","Coghills Creek",3
"20600","Cohuna",17
"20601","Coimadai",11
"20602","Cokum",0
"20603","Colac",54
"20604","Colac Colac",0
"20605","Colac East",0
"20606","Colac West",0
"20607","Colbinabbin",0
"20608","Colbrook",0
"20609","Coldstream (Vic.)",35
"20610","Coleraine",3
"20611","Colignan",0
"20612","Collingwood (Vic.)",334
"20613","Combienbar",0
"20614","Concongella",0
"20615","Condah",0
"20616","Congupna",3
"20617","Connewarre",11
"20618","Connewirricoo",0
"20619","Coojar",0
"20620","Coolaroo",88
"20621","Cooma (Vic.)",0
"20622","Coomboona",0
"20623","Coomoora",0
"20624","Coongulla",0
"20625","Coonooer Bridge",0
"20626","Coonooer West",0
"20627","Cooriemungle",4
"20628","Cope Cope",0
"20629","Cora Lynn",0
"20630","Corack",0
"20631","Corack East",0
"20632","Coragulac",3
"20633","Coral Bank",0
"20634","Corindhap",5
"20635","Corinella (Vic.)",3
"20636","Corio",167
"20637","Corndale (Vic.)",0
"20638","Cornella",0
"20639","Cornishtown",0
"20640","Coronet Bay",3
"20641","Corop",0
"20642","Cororooke",3
"20643","Corringle",0
"20644","Corryong",0
"20645","Corunnun",3
"20646","Cosgrove (Vic.)",0
"20647","Cosgrove South",0
"20648","Costerfield",0
"20649","Cotswold",0
"20650","Cottles Bridge",19
"20651","Cowa",0
"20652","Cowangie",0
"20653","Cowes",16
"20654","Cowleys Creek",0
"20655","Cowwarr",10
"20656","Craigie (Vic.)",0
"20657","Craigieburn",1286
"20658","Cranbourne",295
"20659","Cranbourne East",233
"20660","Cranbourne North",404
"20661","Cranbourne South",49
"20662","Cranbourne West",240
"20663","Creek Junction",0
"20664","Creightons Creek",0
"20665","Cremorne (Vic.)",67
"20666","Cressy (Vic.)",0
"20667","Creswick",29
"20668","Creswick North",0
"20669","Crib Point",20
"20670","Crookayan",0
"20671","Crooked River",0
"20672","Cross Roads (Vic.)",0
"20673","Crossley",6
"20674","Crossover",3
"20675","Crowlands",3
"20676","Croxton East",0
"20677","Croydon (Vic.)",541
"20678","Croydon Hills",196
"20679","Croydon North",215
"20680","Croydon South",87
"20681","Crymelon",0
"20682","Cudgee",0
"20683","Cudgewa",0
"20684","Culgoa",0
"20685","Culla",0
"20686","Cullen",0
"20687","Cullulleraine",0
"20688","Cundare",0
"20689","Cundare North",0
"20690","Curdies River",0
"20691","Curdievale",0
"20692","Curlewis (Vic.)",17
"20693","Curyo",0
"20694","Dadswells Bridge",0
"20695","Daisy Hill (Vic.)",0
"20696","Dales Creek",4
"20697","Dallas",209
"20698","Dalmore",3
"20699","Daltons Bridge",0
"20700","Dalyenong",0
"20701","Dalyston",0
"20702","Dandenong",756
"20703","Dandenong North",638
"20704","Dandenong South",0
"20705","Dandongadale",0
"20706","Dargo",0
"20707","Darley",154
"20708","Darlimurla",0
"20709","Darlington (Vic.)",0
"20710","Darnum",5
"20711","Darraweit Guim",3
"20712","Darriman",0
"20713","Dartmoor (Vic.)",0
"20714","Dartmouth",0
"20715","Dawson (Vic.)",0
"20716","Daylesford",18
"20717","Dean",0
"20718","Deans Marsh",0
"20719","Deddick Valley",0
"20720","Dederang",3
"20721","Deep Lead",0
"20722","Deepdene (Vic.)",103
"20723","Deer Park",486
"20724","Delacombe",142
"20725","Delahey",326
"20726","Delatite",0
"20727","Delburn",0
"20728","Delegate River",0
"20729","Denicull Creek",0
"20730","Denison",3
"20731","Dennington",25
"20732","Denver",0
"20733","Deptford",0
"20734","Derby (Vic.)",0
"20735","Dereel",3
"20736","Dergholm",0
"20737","Derrimut",208
"20738","Derrinal",0
"20739","Derrinallum",0
"20740","Devenish",3
"20741","Devils River",0
"20742","Devon Meadows",24
"20743","Devon North",3
"20744","Dewhurst",7
"20745","Dhurringile",0
"20746","Diamond Creek",385
"20747","Digby",0
"20748","Diggers Rest",65
"20749","Diggora",0
"20750","Dimboola",15
"20751","Dingee",0
"20752","Dingley Village",309
"20753","Dingwall",0
"20754","Dinner Plain",0
"20755","Dixie (Vic.)",0
"20756","Dixons Creek",6
"20757","Dobie",0
"20758","Docker",0
"20759","Dockers Plains",0
"20760","Docklands",1036
"20761","Doctors Flat",0
"20762","Dollar",0
"20763","Don Valley",7
"20764","Donald",11
"20765","Doncaster",1029
"20766","Doncaster East",1300
"20767","Donnybrook (Vic.)",0
"20768","Donvale",477
"20769","Dooboobetic",0
"20770","Dooen",0
"20771","Dookie",4
"20772","Dookie College",17
"20773","Doreen",370
"20774","Dorodong",0
"20775","Double Bridges",0
"20776","Douglas (Vic.)",0
"20777","Doveton",141
"20778","Dreeite",0
"20779","Dreeite South",0
"20780","Driffield",0
"20781","Drik Drik",0
"20782","Dromana",73
"20783","Dropmore",0
"20784","Drouin",119
"20785","Drouin East",3
"20786","Drouin South",3
"20787","Drouin West",3
"20788","Drumanure",0
"20789","Drumborg",0
"20790","Drumcondra",18
"20791","Drummartin",0
"20792","Drummond",4
"20793","Drummond North",0
"20794","Drung",0
"20795","Dry Diggings",0
"20796","Drysdale",77
"20797","Duchembegarra",0
"20798","Dumbalk",8
"20799","Dumbalk North",0
"20800","Dumosa",0
"20801","Dunach",0
"20802","Dundonnell",0
"20803","Dunkeld (Vic.)",6
"20804","Dunluce",0
"20805","Dunneworthy",0
"20806","Dunnstown",8
"20807","Dunolly (Vic.)",3
"20808","Dunrobin (Vic.)",0
"20809","Durdidwarrah",0
"20810","Durham Lead",5
"20811","Durham Ox",0
"20812","Dutson",0
"20813","Dutson Downs",0
"20814","Dutton Way",0
"20815","Duverney",0
"20816","Eagle Point",0
"20817","Eaglehawk",71
"20818","Eaglehawk North",0
"20819","Eaglemont",201
"20820","Earlston",0
"20821","East Bairnsdale",3
"20822","East Bendigo",53
"20823","East Geelong",115
"20824","East Melbourne",179
"20825","East Sale",0
"20826","East Wangaratta",0
"20827","East Warburton",4
"20828","Eastern View",0
"20829","Eastville",0
"20830","Eastwood (Vic.)",14
"20831","Ebden",0
"20832","Echuca",91
"20833","Echuca Village",0
"20834","Echuca West",4
"20835","Ecklin South",3
"20836","Eddington",0
"20837","Eden Park",26
"20838","Edenhope",12
"20839","Edgecombe",0
"20840","Edi",0
"20841","Edi Upper",0
"20842","Edithvale",126
"20843","Eganstown",3
"20844","Eildon",0
"20845","Elaine",3
"20846","Eldorado",0
"20847","Elevated Plains",0
"20848","Elingamite",0
"20849","Elingamite North",0
"20850","Elizabeth Island",0
"20851","Ellaswood",0
"20852","Ellerslie (Vic.)",3
"20853","Elliminyt",19
"20854","Ellinbank",3
"20855","Elmhurst",0
"20856","Elmore",5
"20857","Elphinstone (Vic.)",0
"20858","Elsternwick",363
"20859","Eltham (Vic.)",602
"20860","Eltham North",269
"20861","Elwood",367
"20862","Emerald (Vic.)",125
"20863","Emu",0
"20864","Emu Creek (Vic.)",7
"20865","Endeavour Hills",835
"20866","Enfield (Vic.)",3
"20867","Englefield",0
"20868","Enochs Point",0
"20869","Ensay",0
"20870","Ensay North",0
"20871","Eppalock",7
"20872","Epping (Vic.)",863
"20873","Epsom (Vic.)",38
"20874","Ercildoune",0
"20875","Erica",0
"20876","Errinundra",0
"20877","Eskdale (Vic.)",0
"20878","Esmond",0
"20879","Essendon",937
"20880","Essendon Fields",0
"20881","Essendon North",90
"20882","Essendon West",60
"20883","Eumemmerring",32
"20884","Eurack",0
"20885","Eureka (Vic.)",22
"20886","Euroa",10
"20887","Eurobin",0
"20888","Evansford",0
"20889","Eversley",0
"20890","Everton",0
"20891","Everton Upper",0
"20892","Exford",3
"20893","Eynesbury",28
"20894","Fairbank",0
"20895","Fairfield (Vic.)",322
"20896","Fairhaven",11
"20897","Fairley",0
"20898","Fairy Dell (Campaspe - Vic.)",0
"20899","Fairy Dell (East Gippsland - Vic.)",0
"20900","Falls Creek (Vic.)",0
"20901","Faraday",0
"20902","Fawcett",0
"20903","Fawkner",413
"20904","Fentons Creek",0
"20905","Ferguson (Vic.)",0
"20906","Fern Hill",5
"20907","Fernbank",0
"20908","Ferndale (Vic.)",0
"20909","Fernihurst",0
"20910","Fernshaw",0
"20911","Ferntree Gully",541
"20912","Ferny Creek",43
"20913","Fiery Flat",0
"20914","Fingal (Vic.)",3
"20915","Fish Creek",6
"20916","Fish Point",0
"20917","Fiskville",0
"20918","Fitzroy (Vic.)",396
"20919","Fitzroy North",465
"20920","Flaggy Creek",0
"20921","Flagstaff",0
"20922","Flamingo Beach",0
"20923","Flemington",354
"20924","Flinders (Vic.)",12
"20925","Flora Hill",558
"20926","Flowerdale (Vic.)",0
"20927","Flynn (Vic.)",0
"20928","Flynns Creek",0
"20929","Footscray",1170
"20930","Forbes (Vic.)",0
"20931","Forest Hill (Vic.)",379
"20932","Forge Creek",0
"20933","Forrest (Vic.)",3
"20934","Foster",13
"20935","Foster North",0
"20936","Fosterville",0
"20937","Foxhow",0
"20938","Framlingham",0
"20939","Framlingham East",0
"20940","Franklinford",0
"20941","Frankston",679
"20942","Frankston North",46
"20943","Frankston South",446
"20944","Freeburgh",0
"20945","French Island",0
"20946","Frenchmans",0
"20947","Freshwater Creek",15
"20948","Fryerstown",0
"20949","Fulham (Vic.)",3
"20950","Fumina",0
"20951","Fumina South",0
"20952","Fyans Creek",0
"20953","Fyansford",0
"20954","Gaffneys Creek",0
"20955","Gainsborough",0
"20956","Gannawarra",0
"20957","Gapsted",0
"20958","Gardenvale",28
"20959","Garfield (Vic.)",27
"20960","Garfield North",4
"20961","Garibaldi",0
"20962","Garvoc",0
"20963","Gateway Island",0
"20964","Gatum",0
"20965","Gazette",0
"20966","Geelong",295
"20967","Geelong West",253
"20968","Gelantipy",0
"20969","Gellibrand",0
"20970","Gellibrand Lower",0
"20971","Gelliondale",0
"20972","Gembrook",46
"20973","Genoa",0
"20974","Gentle Annie",0
"20975","Georges Creek (Vic.)",0
"20976","Gerahmin",0
"20977","Gerang Gerung",0
"20978","Gerangamete",0
"20979","Germania",0
"20980","Germantown (Vic.)",0
"20981","Gerrigerrup",0
"20982","Gherang",8
"20983","Gheringhap",3
"20984","Ghin Ghin",0
"20985","Giffard",0
"20986","Giffard West",0
"20987","Gil Gil",0
"20988","Gilderoy",0
"20989","Gillieston",0
"20990","Gillum",0
"20991","Gipsy Point",0
"20992","Girgarre",5
"20993","Girgarre East",0
"20994","Gisborne",190
"20995","Gisborne South",21
"20996","Gladfield (Vic.)",0
"20997","Gladstone Park",220
"20998","Gladysdale",0
"20999","Glen Alvie",0
"21000","Glen Creek",0
"21001","Glen Forbes",0
"21002","Glen Huntly",376
"21003","Glen Iris (Vic.)",1344
"21004","Glen Park",0
"21005","Glen Valley",0
"21006","Glen Waverley",2452
"21007","Glen Wills",0
"21008","Glenaire",0
"21009","Glenaladale",0
"21010","Glenalbyn",0
"21011","Glenaroua",0
"21012","Glenbrae",0
"21013","Glenburn",0
"21014","Glendaruel",0
"21015","Glendonald",0
"21016","Glenfalloch",0
"21017","Glenfyne",0
"21018","Glengarry (Vic.)",12
"21019","Glengarry North",3
"21020","Glengarry West",0
"21021","Glengower",0
"21022","Glenhope",0
"21023","Glenhope East",0
"21024","Glenisla",0
"21025","Glenlee (Vic.)",0
"21026","Glenlofty",0
"21027","Glenlogie",0
"21028","Glenloth",0
"21029","Glenloth East",0
"21030","Glenluce",0
"21031","Glenlyon (Vic.)",0
"21032","Glenmaggie",4
"21033","Glenmore (Vic.)",0
"21034","Glenorchy (Vic.)",0
"21035","Glenormiston North",0
"21036","Glenormiston South",5
"21037","Glenpatrick",0
"21038","Glenrowan",3
"21039","Glenrowan West",0
"21040","Glenroy (Vic.)",731
"21041","Glenthompson",0
"21042","Glomar Beach",0
"21043","Gnarwarre",3
"21044","Gnotuk",0
"21045","Gobarup",0
"21046","Gobur",0
"21047","Golden Beach (Vic.)",0
"21048","Golden Gully",0
"21049","Golden Point (Ballarat - Vic.)",61
"21050","Golden Point (Mount Alexander - Vic.)",0
"21051","Golden Square",155
"21052","Goldie",3
"21053","Goldsborough (Vic.)",0
"21054","Gong Gong",0
"21055","Gonn Crossing",0
"21056","Goomalibee",3
"21057","Goon Nure",0
"21058","Goongerah",0
"21059","Gooram",0
"21060","Gooramadda",0
"21061","Goorambat",0
"21062","Goornong",3
"21063","Gooroc",0
"21064","Gorae",4
"21065","Gorae West",0
"21066","Gordon (Vic.)",9
"21067","Gormandale",0
"21068","Goroke",4
"21069","Goschen",0
"21070","Goughs Bay",0
"21071","Goulburn Weir",0
"21072","Gowanbrae",67
"21073","Gowanford",0
"21074","Gowangardie",0
"21075","Gowar East",0
"21076","Gower",0
"21077","Grahamvale",6
"21078","Grampians",0
"21079","Grand Ridge",0
"21080","Granite Rock",0
"21081","Grantville",3
"21082","Granya",0
"21083","Grassdale (Vic.)",0
"21084","Grassmere",7
"21085","Grays Bridge",0
"21086","Graytown",0
"21087","Gre Gre",0
"21088","Gre Gre North",0
"21089","Gre Gre South",0
"21090","Great Western",0
"21091","Gredgwin",0
"21092","Green Gully (Vic.)",0
"21093","Greendale (Vic.)",12
"21094","Greenhill (Vic.)",0
"21095","Greens Creek (Vic.)",0
"21096","Greensborough",544
"21097","Greenvale (Vic.)",670
"21098","Greenwald",0
"21099","Grenville",0
"21100","Greta (Vic.)",0
"21101","Greta South",0
"21102","Greta West",0
"21103","Grey River",0
"21104","Gringegalgona",0
"21105","Gritjurk",3
"21106","Grovedale",394
"21107","Gruyere",18
"21108","Guildford (Vic.)",0
"21109","Gunbower",7
"21110","Gundowring",0
"21111","Gunyah",0
"21112","Guys Forest",0
"21113","Guys Hill",15
"21114","Gymbowen",0
"21115","Haddon",16
"21116","Hadfield",126
"21117","Hallam",287
"21118","Hallora",0
"21119","Halls Gap",0
"21120","Hallston",0
"21121","Hamilton (Vic.)",34
"21122","Hamlyn Heights",184
"21123","Hampton (Vic.)",541
"21124","Hampton East",125
"21125","Hampton Park",681
"21126","Hansonville",0
"21127","Happy Valley (Golden Plains - Vic.)",0
"21128","Happy Valley (Swan Hill - Vic.)",0
"21129","Harcourt",8
"21130","Harcourt North",0
"21131","Harkaway",30
"21132","Harmers Haven",0
"21133","Harrietville",0
"21134","Harrow",0
"21135","Harston",0
"21136","Hastings (Vic.)",81
"21137","Hattah",0
"21138","Havelock",0
"21139","Haven",13
"21140","Havilah (Vic.)",0
"21141","Hawkesdale",3
"21142","Hawkhurst",0
"21143","Hawthorn (Vic.)",2181
"21144","Hawthorn East",934
"21145","Hazel Park",0
"21146","Hazelwood",3
"21147","Hazelwood North",29
"21148","Hazelwood South",3
"21149","Healesville",71
"21150","Heath Hill",0
"21151","Heathcote (Vic.)",10
"21152","Heathcote Junction",5
"21153","Heathcote South",0
"21154","Heatherton",62
"21155","Heathmere",3
"21156","Heathmont",269
"21157","Hedley",0
"21158","Heidelberg",210
"21159","Heidelberg Heights",206
"21160","Heidelberg West",190
"21161","Hensley Park",0
"21162","Henty (Vic.)",0
"21163","Hepburn",0
"21164","Hepburn Springs",0
"21165","Herne Hill (Vic.)",75
"21166","Hernes Oak",4
"21167","Hesket",0
"21168","Hesse",0
"21169","Hexham (Vic.)",0
"21170","Heyfield",20
"21171","Heytesbury Lower",0
"21172","Heywood",3
"21173","Hiamdale",0
"21174","Hiawatha",0
"21175","High Camp",0
"21176","Highett",265
"21177","Highlands",0
"21178","Highton",1019
"21179","Hilgay",0
"21180","Hill End (Vic.)",0
"21181","Hillcrest (Vic.)",0
"21182","Hilldene",0
"21183","Hillside (East Gippsland - Vic.)",0
"21184","Hillside (Melton - Vic.)",581
"21185","Hinnomunjie",0
"21186","Hmas Cerberus",3
"21187","Hoddles Creek",3
"21188","Hollands Landing",0
"21189","Homebush (Vic.)",0
"21190","Homerton",0
"21191","Homewood",0
"21192","Hopetoun (Vic.)",0
"21193","Hopetoun Park",18
"21194","Hoppers Crossing",1152
"21195","Hordern Vale",0
"21196","Horfield",0
"21197","Horsham",104
"21198","Hotham Heights",0
"21199","Hotspur",0
"21200","Howes Creek",0
"21201","Howitt Plains",0
"21202","Howqua",0
"21203","Howqua Hills",0
"21204","Howqua Inlet",0
"21205","Hughesdale",459
"21206","Humevale",3
"21207","Hunter",0
"21208","Hunterston",0
"21209","Huntingdale (Vic.)",113
"21210","Huntly",27
"21211","Huntly North",0
"21212","Huon",0
"21213","Huon Creek",0
"21214","Hurstbridge",97
"21215","Icy Creek",0
"21216","Iguana Creek",0
"21217","Illabarook",0
"21218","Illawarra",0
"21219","Illowa",0
"21220","Indented Head",4
"21221","Indigo Valley",0
"21222","Inglewood (Vic.)",0
"21223","Ingliston",0
"21224","Invergordon (Vic.)",0
"21225","Inverleigh",19
"21226","Inverloch",23
"21227","Invermay (Vic.)",14
"21228","Invermay Park",35
"21229","Iona",6
"21230","Iraak",0
"21231","Irishtown (Vic.)",0
"21232","Ironbark (Vic.)",21
"21233","Irrewarra",4
"21234","Irrewillipe",3
"21235","Irrewillipe East",0
"21236","Irymple (Vic.)",52
"21237","Ivanhoe (Vic.)",538
"21238","Ivanhoe East",181
"21239","Jacana",50
"21240","Jack River",0
"21241","Jackass Flat",18
"21242","Jacob Creek",0
"21243","Jam Jerrup",0
"21244","Jamieson (Vic.)",0
"21245","Jan Juc",62
"21246","Jancourt",0
"21247","Jancourt East",0
"21248","Jarklin",0
"21249","Jarrahmond",0
"21250","Jarvis Creek",0
"21251","Jeeralang",0
"21252","Jeeralang Junction",9
"21253","Jeetho",0
"21254","Jeffcott",0
"21255","Jeffcott North",0
"21256","Jeparit",0
"21257","Jericho (Vic.)",0
"21258","Jeruk",0
"21259","Jil Jil",0
"21260","Jindivick",10
"21261","Joel Joel",0
"21262","Joel South",0
"21263","Johanna",0
"21264","Johnsonville",0
"21265","Joyces Creek",0
"21266","Jumbuk",0
"21267","Jumbunna",0
"21268","Junction Village",3
"21269","Jung",6
"21270","Jungaburra",0
"21271","Junortoun",50
"21272","Kaarimba",0
"21273","Kadnook",0
"21274","Kalimna",0
"21275","Kalimna West",0
"21276","Kalkallo",0
"21277","Kalkee",0
"21278","Kallista",34
"21279","Kalorama",21
"21280","Kalpienung",0
"21281","Kamarooka",0
"21282","Kamarooka North",0
"21283","Kanagulk",0
"21284","Kancoona",0
"21285","Kangaroo Flat (Vic.)",93
"21286","Kangaroo Ground",42
"21287","Kaniva",6
"21288","Kanumbra",0
"21289","Kanya",0
"21290","Kanyapella",0
"21291","Karabeal",0
"21292","Kardella",0
"21293","Kardella South",0
"21294","Kariah",0
"21295","Karnak",0
"21296","Karramomus",0
"21297","Karyrie",0
"21298","Katamatite",0
"21299","Katamatite East",0
"21300","Katandra",0
"21301","Katandra West",0
"21302","Katunga",5
"21303","Kawarren",0
"21304","Kealba",130
"21305","Keely",0
"21306","Keilor",232
"21307","Keilor Downs",337
"21308","Keilor East",441
"21309","Keilor Lodge",79
"21310","Keilor North",0
"21311","Keilor Park",49
"21312","Kellalac",0
"21313","Kelvin View",0
"21314","Kenley",0
"21315","Kenmare (Vic.)",0
"21316","Kennedys Creek",0
"21317","Kennett River",0
"21318","Kennington",300
"21319","Kensington (Vic.)",481
"21320","Kerang",14
"21321","Kerang East",0
"21322","Kergunyah",6
"21323","Kergunyah South",0
"21324","Kernot",0
"21325","Kerrie",0
"21326","Kerrisdale",0
"21327","Kevington",0
"21328","Kew (Vic.)",1458
"21329","Kew East",336
"21330","Kewell",0
"21331","Keysborough",992
"21332","Kialla",67
"21333","Kialla East",0
"21334","Kialla West",3
"21335","Kiata",0
"21336","Kiewa",4
"21337","Kilcunda",0
"21338","Killara (Glenelg - Vic.)",0
"21339","Killara (Wodonga - Vic.)",0
"21340","Killarney (Vic.)",0
"21341","Killawarra (Vic.)",5
"21342","Killingworth (Vic.)",0
"21343","Kilmany",0
"21344","Kilmore",103
"21345","Kilmore East",7
"21346","Kilsyth",145
"21347","Kilsyth South",102
"21348","Kimbolton (Vic.)",0
"21349","King Valley",0
"21350","Kinglake",16
"21351","Kinglake Central",3
"21352","Kinglake West",20
"21353","Kingower",0
"21354","Kings Park (Vic.)",231
"21355","Kingsbury",430
"21356","Kingston (Vic.)",3
"21357","Kingsville",110
"21358","Kinnabulla",0
"21359","Kinypanial",0
"21360","Kirkstall",6
"21361","Kirwans Bridge",0
"21362","Kithbrook",0
"21363","Knebsworth",0
"21364","Knockwood",0
"21365","Knowsley",3
"21366","Knoxfield",231
"21367","Koallah",0
"21368","Koetong",0
"21369","Kolora",0
"21370","Kongwak",3
"21371","Konongwootong",0
"21372","Koo Wee Rup",22
"21373","Koo Wee Rup North",0
"21374","Kooloonong",0
"21375","Koonda",0
"21376","Koondrook",3
"21377","Koonoomoo",3
"21378","Koonwarra",3
"21379","Kooreh",0
"21380","Koorlong",3
"21381","Koornalla",3
"21382","Kooroocheang",0
"21383","Koorool",0
"21384","Koorooman",0
"21385","Kooyong",43
"21386","Koriella",0
"21387","Korobeit",0
"21388","Koroit",7
"21389","Korong Vale",0
"21390","Koroop",0
"21391","Korumburra",27
"21392","Korumburra South",0
"21393","Korweinguboora",3
"21394","Kotta",0
"21395","Kotupna",3
"21396","Koyuga",0
"21397","Krowera",0
"21398","Kulwin (Vic.)",0
"21399","Kunat",0
"21400","Kurraca",0
"21401","Kurraca West",0
"21402","Kurting",0
"21403","Kurunjang",174
"21404","Kyabram",41
"21405","Kyabram South",0
"21406","Kyneton",61
"21407","Kyneton South",3
"21408","Kyvalley",3
"21409","Laanecoorie",0
"21410","Laang",0
"21411","Labertouche",3
"21412","Laceby",3
"21413","Ladys Pass",0
"21414","Laen East",0
"21415","Laen North",0
"21416","Lah",0
"21417","Laharum",0
"21418","Lake Boga",0
"21419","Lake Bolac",0
"21420","Lake Bunga",4
"21421","Lake Charm",0
"21422","Lake Condah",0
"21423","Lake Eildon",0
"21424","Lake Eppalock",0
"21425","Lake Fyans",0
"21426","Lake Gardens",45
"21427","Lake Goldsmith",0
"21428","Lake Lonsdale",0
"21429","Lake Marmal",0
"21430","Lake Meran",0
"21431","Lake Mundi",0
"21432","Lake Powell",0
"21433","Lake Rowan",0
"21434","Lake Tyers",0
"21435","Lake Tyers Beach",0
"21436","Lake Tyrrell",0
"21437","Lake Wellington",0
"21438","Lake Wendouree",59
"21439","Lake Wongan",0
"21440","Lakes Entrance",11
"21441","Lal Lal",6
"21442","Lalbert",0
"21443","Lalor",610
"21444","Lamplough",0
"21445","Lancaster",4
"21446","Lance Creek",3
"21447","Lancefield",18
"21448","Landsborough (Vic.)",0
"21449","Landsborough West",0
"21450","Lang Lang",10
"21451","Lang Lang East",3
"21452","Langdons Hill",0
"21453","Langi Kal Kal",0
"21454","Langi Logan",0
"21455","Langkoop",0
"21456","Langley",0
"21457","Langsborough",3
"21458","Langwarrin",405
"21459","Langwarrin South",34
"21460","Lara",294
"21461","Lardner",3
"21462","Larpent",0
"21463","Lascelles",0
"21464","Launching Place",31
"21465","Lauriston",0
"21466","Lavers Hill",0
"21467","Laverton (Vic.)",199
"21468","Laverton North",0
"21469","Lawler",0
"21470","Lawloit",0
"21471","Lawrence (Vic.)",0
"21472","Leaghur",0
"21473","Learmonth (Vic.)",3
"21474","Ledcourt",0
"21475","Leichardt",0
"21476","Leigh Creek (Vic.)",0
"21477","Leitchville",4
"21478","Lemnos",3
"21479","Leneva",8
"21480","Leonards Hill",0
"21481","Leongatha",37
"21482","Leongatha North",4
"21483","Leongatha South",6
"21484","Leopold",204
"21485","Lerderderg",0
"21486","Leslie Manor",3
"21487","Lethbridge",16
"21488","Lexton",0
"21489","Licola",0
"21490","Licola North",0
"21491","Lillico (Vic.)",0
"21492","Lillicur",0
"21493","Lillimur",0
"21494","Lilliput",0
"21495","Lilydale (Vic.)",309
"21496","Lima",0
"21497","Lima East",0
"21498","Lima South",0
"21499","Limestone (Vic.)",0
"21500","Lindenow",3
"21501","Lindenow South",0
"21502","Lindsay",0
"21503","Lindsay Point",0
"21504","Linga",0
"21505","Linton",0
"21506","Liparoo",0
"21507","Lismore (Vic.)",0
"21508","Litchfield",0
"21509","Little Desert",0
"21510","Little Hampton",0
"21511","Little River (Vic.)",17
"21512","Llanelly",0
"21513","Llowalong",0
"21514","Loch",3
"21515","Loch Sport",0
"21516","Loch Valley",0
"21517","Lockington",3
"21518","Locksley (Vic.)",3
"21519","Lockwood",10
"21520","Lockwood South",11
"21521","Loddon Vale",0
"21522","Logan",0
"21523","Londrigan",0
"21524","Long Forest",3
"21525","Long Gully",37
"21526","Longford (Vic.)",9
"21527","Longlea",7
"21528","Longwarry",24
"21529","Longwarry North",0
"21530","Longwood (Vic.)",0
"21531","Longwood East",0
"21532","Lorne (Vic.)",4
"21533","Lorquon",0
"21534","Lovely Banks",71
"21535","Lower Moira",0
"21536","Lower Norton",0
"21537","Lower Plenty",110
"21538","Loy Yang",0
"21539","Lubeck",0
"21540","Lucas",26
"21541","Lucknow (Vic.)",10
"21542","Lucyvale",0
"21543","Lurg",0
"21544","Lynbrook",288
"21545","Lyndhurst (Vic.)",158
"21546","Lyons (Vic.)",0
"21547","Lyonville",0
"21548","Lysterfield",318
"21549","Lysterfield South",48
"21550","Macarthur (Vic.)",3
"21551","Macclesfield (Vic.)",26
"21552","Macedon",44
"21553","Macks Creek",0
"21554","Macleod (Vic.)",406
"21555","Macorna",0
"21556","Macorna North",0
"21557","Macs Cove",0
"21558","Madalya",0
"21559","Maddingley",46
"21560","Mafeking",0
"21561","Maffra (Vic.)",38
"21562","Maffra West Upper",0
"21563","Magpie",4
"21564","Maiden Gully",75
"21565","Maidstone",484
"21566","Mailors Flat",3
"21567","Main Lead",0
"21568","Main Ridge",8
"21569","Maindample",6
"21570","Maintongoon",0
"21571","Major Plains",0
"21572","Majorca",0
"21573","Maldon (Vic.)",5
"21574","Mallacoota",3
"21575","Malmsbury",10
"21576","Malvern (Vic.)",459
"21577","Malvern East",1911
"21578","Mambourin",0
"21579","Manangatang",3
"21580","Mandurang",12
"21581","Mandurang South",0
"21582","Mangalore (Vic.)",0
"21583","Manifold Heights",67
"21584","Mannerim",3
"21585","Mannibadar",0
"21586","Manns Beach",0
"21587","Manorina",0
"21588","Mansfield (Vic.)",33
"21589","Maramingo Creek",0
"21590","Marcus Hill",0
"21591","Mardan",3
"21592","Marengo (Vic.)",0
"21593","Maribyrnong",736
"21594","Marionvale",0
"21595","Markwood",0
"21596","Marlbed",0
"21597","Marlo",3
"21598","Marnoo",0
"21599","Marnoo East",0
"21600","Marnoo West",0
"21601","Marong",12
"21602","Maroona",4
"21603","Marraweeney",0
"21604","Marshall",73
"21605","Marthavale",0
"21606","Marungi",0
"21607","Maryborough (Vic.)",51
"21608","Maryknoll",21
"21609","Marysville",0
"21610","Maryvale (Vic.)",0
"21611","Massey",0
"21612","Matlock",0
"21613","Maude (Vic.)",0
"21614","McCrae",20
"21615","McIntyre",0
"21616","McKenzie Creek",0
"21617","McKenzie Hill",5
"21618","McKinnon",281
"21619","McLoughlins Beach",0
"21620","McMahons Creek",0
"21621","McMillans",0
"21622","Mead",0
"21623","Meadow Creek",0
"21624","Meadow Heights",510
"21625","Meatian",0
"21626","Meeniyan",0
"21627","Meering West",0
"21628","Meerlieu",0
"21629","Melbourne",10381
"21630","Melbourne Airport",0
"21631","Melton (Vic.)",93
"21632","Melton South",131
"21633","Melton West",272
"21634","Melville Forest",0
"21635","Melwood",0
"21636","Mena Park",0
"21637","Mentone",384
"21638","Menzies Creek",32
"21639","Mepunga",0
"21640","Mepunga East",0
"21641","Mepunga West",0
"21642","Merbein",14
"21643","Merbein South",3
"21644","Merbein West",0
"21645","Meredith",10
"21646","Meringur",0
"21647","Merino",0
"21648","Mernda",277
"21649","Merriang",3
"21650","Merriang South",0
"21651","Merricks",0
"21652","Merricks Beach",0
"21653","Merricks North",3
"21654","Merrigum",4
"21655","Merrijig (East Gippsland - Vic.)",0
"21656","Merrijig (Mansfield - Vic.)",0
"21657","Merrimu",7
"21658","Merrinee",0
"21659","Merton",0
"21660","Metcalfe",0
"21661","Metcalfe East",0
"21662","Metung",4
"21663","Mia Mia (Vic.)",0
"21664","Mickleham",69
"21665","Middle Creek",0
"21666","Middle Park (Vic.)",93
"21667","Middle Tarwin",0
"21668","Miepoll",0
"21669","Miga Lake",0
"21670","Milawa",3
"21671","Mildura",289
"21672","Mill Park",1152
"21673","Millbrook (Vic.)",3
"21674","Millgrove",17
"21675","Milloo",0
"21676","Milltown",0
"21677","Milnes Bridge",0
"21678","Mincha",0
"21679","Mincha West",0
"21680","Miners Rest",42
"21681","Mingay",0
"21682","Minhamite",0
"21683","Minimay",0
"21684","Mininera",0
"21685","Minjah",0
"21686","Minmindie",0
"21687","Minyip",4
"21688","Miowera",0
"21689","Miralie",0
"21690","Miram",0
"21691","Mirboo",0
"21692","Mirboo North",17
"21693","Mirranatwa",0
"21694","Mitcham (Vic.)",477
"21695","Mitchell Park (Vic.)",5
"21696","Mitchellstown",0
"21697","Mitiamo",0
"21698","Mitre",0
"21699","Mitta Mitta",0
"21700","Mittyack",0
"21701","Mockinya",0
"21702","Modella",4
"21703","Modewarre",6
"21704","Moe",75
"21705","Moe South",5
"21706","Moggs Creek",3
"21707","Moglonemby",0
"21708","Mokepilly",0
"21709","Molesworth (Vic.)",0
"21710","Moliagul",0
"21711","Molka",0
"21712","Mollongghip",0
"21713","Mologa",0
"21714","Molyullah",0
"21715","Monbulk",48
"21716","Monegeetta",4
"21717","Mongans Bridge",0
"21718","Monomak",0
"21719","Monomeith",3
"21720","Mont Albert",290
"21721","Mont Albert North",234
"21722","Montgomery",0
"21723","Montmorency",193
"21724","Montrose (Vic.)",128
"21725","Moolap",21
"21726","Moolerr",0
"21727","Moolort",0
"21728","Moonambel",0
"21729","Moondarra",0
"21730","Moonee Ponds",611
"21731","Moonlight Flat (Central Goldfields - Vic.)",0
"21732","Moonlight Flat (Mount Alexander - Vic.)",0
"21733","Moora (Vic.)",0
"21734","Moorabbin",154
"21735","Moorabbin Airport",0
"21736","Moorabool",3
"21737","Mooralla",0
"21738","Moorilim",0
"21739","Moormbool West",0
"21740","Moornapa",0
"21741","Moorngag",0
"21742","Moorooduc",34
"21743","Mooroolbark",494
"21744","Mooroopna",50
"21745","Mooroopna North",0
"21746","Mooroopna North West",0
"21747","Moranding",0
"21748","Mordialloc",208
"21749","Morgiana",0
"21750","Moriac",19
"21751","Mornington (Vic.)",300
"21752","Moroka",0
"21753","Morrisons",0
"21754","Morrl Morrl",0
"21755","Mortlake (Vic.)",5
"21756","Morton Plains",0
"21757","Morwell",118
"21758","Mossiface",0
"21759","Mount Alfred",0
"21760","Mount Beauty",3
"21761","Mount Beckworth",0
"21762","Mount Best",0
"21763","Mount Bolton",0
"21764","Mount Bruno",0
"21765","Mount Buffalo",0
"21766","Mount Buller",6
"21767","Mount Burnett",3
"21768","Mount Bute",0
"21769","Mount Camel",0
"21770","Mount Cameron",0
"21771","Mount Clear",250
"21772","Mount Cole",0
"21773","Mount Cole Creek",0
"21774","Mount Cottrell",4
"21775","Mount Dandenong",27
"21776","Mount Doran",0
"21777","Mount Dryden",0
"21778","Mount Duneed",47
"21779","Mount Eccles",0
"21780","Mount Egerton",9
"21781","Mount Eliza",463
"21782","Mount Emu",0
"21783","Mount Evelyn",165
"21784","Mount Franklin",0
"21785","Mount Glasgow",0
"21786","Mount Helen",446
"21787","Mount Hooghly",0
"21788","Mount Lonarch",0
"21789","Mount Macedon",27
"21790","Mount Major",0
"21791","Mount Martha",324
"21792","Mount Mercer",0
"21793","Mount Moriac",3
"21794","Mount Napier",0
"21795","Mount Pleasant (Vic.)",142
"21796","Mount Prospect",0
"21797","Mount Richmond",0
"21798","Mount Rowan",3
"21799","Mount Sabine",0
"21800","Mount Tassie",0
"21801","Mount Taylor",0
"21802","Mount Toolebewong",3
"21803","Mount Wallace",0
"21804","Mount Waverley",1937
"21805","Mountain Bay",0
"21806","Mountain View (Vic.)",4
"21807","Moutajup",0
"21808","Moyhu",0
"21809","Moyreisk",0
"21810","Moyston",8
"21811","Muckatah",3
"21812","Muckleford",6
"21813","Muckleford South",0
"21814","Mudgegonga",0
"21815","Mulgrave (Vic.)",791
"21816","Mumbannar",0
"21817","Mundoona",0
"21818","Munro",0
"21819","Muntham",0
"21820","Murchison (Vic.)",0
"21821","Murchison East",0
"21822","Murchison North",3
"21823","Murgheboluc",3
"21824","Murmungee",0
"21825","Murnungin",0
"21826","Murphys Creek (Vic.)",0
"21827","Murra Warra",0
"21828","Murrabit",0
"21829","Murrabit West",0
"21830","Murrawee",4
"21831","Murray-Sunset",0
"21832","Murraydale",0
"21833","Murrayville",0
"21834","Murrindal",0
"21835","Murrindindi",0
"21836","Murroon",0
"21837","Murrumbeena",598
"21838","Murtoa",11
"21839","Musk",0
"21840","Musk Vale",3
"21841","Muskerry",0
"21842","Myall (Buloke - Vic.)",0
"21843","Myall (Gannawarra - Vic.)",0
"21844","Myamyn",0
"21845","Myers Flat",7
"21846","Myola (Vic.)",0
"21847","Myrniong",10
"21848","Myrrhee",0
"21849","Myrtle Creek (Vic.)",0
"21850","Myrtlebank",0
"21851","Myrtleford",24
"21852","Mysia",0
"21853","Mystic Park",0
"21854","Mywee",0
"21855","Nagambie",10
"21856","Nalangil",0
"21857","Nalinga",0
"21858","Nambrok",0
"21859","Nandaly",0
"21860","Nangana",0
"21861","Nangeela",0
"21862","Nangiloc",0
"21863","Nanneella",3
"21864","Nap Nap Marra",0
"21865","Napoleons",25
"21866","Nar Nar Goon",19
"21867","Nar Nar Goon North",9
"21868","Narbethong (Vic.)",0
"21869","Nareeb",0
"21870","Nareen",0
"21871","Nareewillock",0
"21872","Nariel Valley",0
"21873","Naring",0
"21874","Naringal",0
"21875","Naringal East",0
"21876","Naroghid",0
"21877","Narracan",0
"21878","Narraport",0
"21879","Narrapumelap South",0
"21880","Narrawong",0
"21881","Narre Warren",717
"21882","Narre Warren East",16
"21883","Narre Warren North",334
"21884","Narre Warren South",964
"21885","Narrung (Vic.)",0
"21886","Nathalia",10
"21887","Natimuk",0
"21888","Natte Yallock",0
"21889","Natya",0
"21890","Navarre",0
"21891","Navigators",7
"21892","Nayook",0
"21893","Neds Corner",0
"21894","Neereman",0
"21895","Neerim",3
"21896","Neerim East",0
"21897","Neerim Junction",0
"21898","Neerim North",0
"21899","Neerim South",10
"21900","Neilborough",0
"21901","Nelse",0
"21902","Nelson (Vic.)",0
"21903","Nerrena",3
"21904","Nerrin Nerrin",0
"21905","Nerrina",19
"21906","Nerring",0
"21907","Netherby (Vic.)",0
"21908","Neuarpurr",0
"21909","New Gisborne",60
"21910","Newborough",69
"21911","Newbridge (Vic.)",0
"21912","Newbury",0
"21913","Newcomb",90
"21914","Newfield",0
"21915","Newham",3
"21916","Newhaven",0
"21917","Newington (Vic.)",43
"21918","Newlands Arm",0
"21919","Newlyn",0
"21920","Newlyn North",0
"21921","Newmerella",0
"21922","Newport (Vic.)",333
"21923","Newry",4
"21924","Newstead (Vic.)",7
"21925","Newtown (Golden Plains - Vic.)",0
"21926","Newtown (Greater Geelong - Vic.)",338
"21927","Nhill",13
"21928","Nichols Point",9
"21929","Nicholson (Vic.)",7
"21930","Niddrie",177
"21931","Nilma",7
"21932","Nilma North",7
"21933","Ninda",0
"21934","Nine Mile (Vic.)",0
"21935","Nintingbool",4
"21936","Ninyeunook",0
"21937","Nirranda",0
"21938","Nirranda East",0
"21939","Nirranda South",0
"21940","Noble Park",1047
"21941","Noble Park North",218
"21942","Noojee",0
"21943","Noorat",4
"21944","Noorat East",0
"21945","Noorinbee",0
"21946","Noorinbee North",0
"21947","Noradjuha",0
"21948","Norlane",89
"21949","Normanville (Vic.)",0
"21950","Norong",3
"21951","North Bendigo",83
"21952","North Blackwood",0
"21953","North Geelong",46
"21954","North Melbourne",2424
"21955","North Shore (Vic.)",0
"21956","North Wangaratta",0
"21957","North Warrandyte",121
"21958","North Wonthaggi",14
"21959","Northcote",871
"21960","Northwood (Vic.)",0
"21961","Norval",0
"21962","Notting Hill",581
"21963","Nowa Nowa",0
"21964","Nowhere Creek",0
"21965","Nowie",0
"21966","Nug Nug",0
"21967","Nuggetty",0
"21968","Nulla Vale",0
"21969","Nullawarre",3
"21970","Nullawarre North",0
"21971","Nullawil",0
"21972","Numurkah",45
"21973","Nunawading",378
"21974","Nungurner",0
"21975","Nunniong",0
"21976","Nurcoung",0
"21977","Nurrabiel",0
"21978","Nurran",0
"21979","Nutfield",0
"21980","Nyah",4
"21981","Nyah West",0
"21982","Nyarrin",0
"21983","Nyerimilang",0
"21984","Nyora (Vic.)",14
"21985","Nyrraby",0
"21986","Oak Park",194
"21987","Oaklands Junction",8
"21988","Oakleigh",448
"21989","Oakleigh East",591
"21990","Oakleigh South",358
"21991","Oakvale",0
"21992","Ocean Grange",0
"21993","Ocean Grove",231
"21994","Officer",160
"21995","Officer South",0
"21996","Old Tallangatta",0
"21997","Olinda (Vic.)",23
"21998","Ombersley",0
"21999","Omeo",0
"22000","Omeo Valley",0
"22001","Ondit",0
"22002","Orbost",10
"22003","Orford (Vic.)",0
"22004","Ormond",442
"22005","Orrvale",4
"22006","Osbornes Flat",0
"22007","Outtrim",0
"22008","Ouyen",4
"22009","Ovens",4
"22010","Oxley (Vic.)",3
"22011","Oxley Flats",0
"22012","Ozenkadnook",0
"22013","Paaratte",0
"22014","Painswick",0
"22015","Pakenham",670
"22016","Pakenham South",4
"22017","Pakenham Upper",31
"22018","Panitya (Vic.)",0
"22019","Panmure",5
"22020","Panton Hill",42
"22021","Paradise (Vic.)",0
"22022","Paradise Beach",0
"22023","Paraparap",0
"22024","Park Orchards",215
"22025","Parkdale",357
"22026","Parkville (Vic.)",2321
"22027","Parwan",0
"22028","Paschendale",0
"22029","Pascoe Vale",535
"22030","Pascoe Vale South",359
"22031","Pastoria",0
"22032","Pastoria East",0
"22033","Patchewollock",4
"22034","Patho",0
"22035","Patterson Lakes",176
"22036","Patyah",0
"22037","Paynesville (Vic.)",9
"22038","Pearcedale",79
"22039","Pearsondale",0
"22040","Peechelba",4
"22041","Peechelba East",0
"22042","Pelluebla",0
"22043","Pennyroyal",0
"22044","Penshurst (Vic.)",4
"22045","Pental Island",0
"22046","Pentland Hills",0
"22047","Percydale",0
"22048","Peronne",0
"22049","Perry Bridge",0
"22050","Peterborough (Vic.)",3
"22051","Petticoat Creek",0
"22052","Pheasant Creek (Vic.)",3
"22053","Piangil",0
"22054","Picola",0
"22055","Picola West",0
"22056","Piedmont",0
"22057","Pier Milan",0
"22058","Pigeon Ponds",0
"22059","Piggoreet",0
"22060","Pimpinio",0
"22061","Pine Grove (Vic.)",0
"22062","Pine Lodge (Vic.)",0
"22063","Pine Mountain (Vic.)",0
"22064","Pine View",0
"22065","Pioneer Bay",0
"22066","Pipers Creek",0
"22067","Pira",0
"22068","Piries",0
"22069","Pirron Yallock",0
"22070","Pitfield",0
"22071","Pittong",0
"22072","Plenty (Vic.)",103
"22073","Plumpton (Vic.)",94
"22074","Point Cook",1228
"22075","Point Leo",3
"22076","Point Lonsdale",41
"22077","Point Wilson",0
"22078","Polisbet",0
"22079","Pomborneit",0
"22080","Pomborneit East",0
"22081","Pomborneit North",0
"22082","Pomonal",5
"22083","Pompapiel",0
"22084","Poolaijelo",0
"22085","Pootilla",0
"22086","Poowong",4
"22087","Poowong East",0
"22088","Poowong North",0
"22089","Porcupine Ridge",3
"22090","Porepunkah",7
"22091","Port Albert",0
"22092","Port Campbell",0
"22093","Port Fairy",7
"22094","Port Franklin",0
"22095","Port Melbourne",291
"22096","Port Welshpool",0
"22097","Portarlington",24
"22098","Portland (Vic.)",47
"22099","Portland North",9
"22100","Portland West",0
"22101","Portsea",4
"22102","Pound Creek",3
"22103","Powelltown",0
"22104","Powers Creek",0
"22105","Powlett Plains",0
"22106","Prahran",546
"22107","Prairie (Vic.)",0
"22108","Pranjip",0
"22109","Preston (Vic.)",1334
"22110","Princes Hill",157
"22111","Princetown",0
"22112","Puckapunyal",14
"22113","Pura Pura",0
"22114","Purdeet",0
"22115","Purnim",0
"22116","Purnim West",0
"22117","Pyalong",6
"22118","Pyramid Hill",3
"22119","Quambatook",0
"22120","Quandong",0
"22121","Quantong",3
"22122","Quarry Hill",59
"22123","Queenscliff (Vic.)",19
"22124","Raglan (Vic.)",0
"22125","Rainbow",6
"22126","Ranceby",0
"22127","Rathscar",0
"22128","Rathscar West",0
"22129","Ravenhall",0
"22130","Ravenswood (Vic.)",5
"22131","Ravenswood South",0
"22132","Rawson",0
"22133","Raymond Island",0
"22134","Raywood",0
"22135","Red Cliffs",37
"22136","Red Hill (Vic.)",15
"22137","Red Hill South",8
"22138","Red Lion",0
"22139","Redan",55
"22140","Redbank (Vic.)",0
"22141","Redcastle",0
"22142","Redesdale",0
"22143","Reedy Creek (Vic.)",3
"22144","Reedy Dam",0
"22145","Reedy Flat",0
"22146","Reedy Lake",0
"22147","Reefton (Vic.)",0
"22148","Research",87
"22149","Reservoir (Vic.)",1570
"22150","Reynard",0
"22151","Rheola",0
"22152","Rhyll",3
"22153","Rhymney",0
"22154","Riachella",0
"22155","Rich Avon",0
"22156","Rich Avon East",0
"22157","Rich Avon West",0
"22158","Richmond (Vic.)",1033
"22159","Richmond Plains",0
"22160","Riddells Creek",86
"22161","Riggs Creek",0
"22162","Ringwood (Vic.)",397
"22163","Ringwood East",240
"22164","Ringwood North",358
"22165","Ripplebrook",3
"22166","Rippleside",20
"22167","Ripponlea",59
"22168","Riverside (Vic.)",3
"22169","Riverslea",0
"22170","Robertsons Beach",0
"22171","Robinvale",19
"22172","Rochester (Vic.)",21
"22173","Rochford",0
"22174","Rockbank",29
"22175","Rocklands",0
"22176","Rocklyn",0
"22177","Rocky Point (Vic.)",0
"22178","Rokeby (Vic.)",3
"22179","Rokewood",0
"22180","Rokewood Junction",0
"22181","Romsey",78
"22182","Rosanna",319
"22183","Rose River",0
"22184","Rosebery (Vic.)",0
"22185","Rosebrook (Vic.)",3
"22186","Rosebud",103
"22187","Rosebud West",21
"22188","Rosedale (Vic.)",9
"22189","Roses Gap",0
"22190","Rosewhite",0
"22191","Roslynmead",0
"22192","Ross Creek (Vic.)",17
"22193","Rossbridge",0
"22194","Rostron",0
"22195","Rowsley",8
"22196","Rowville",1332
"22197","Roxburgh Park",867
"22198","Rubicon",0
"22199","Ruby",0
"22200","Ruffy",0
"22201","Running Creek (Vic.)",0
"22202","Runnymede (Vic.)",0
"22203","Rupanyup",4
"22204","Rushworth",3
"22205","Russells Bridge",0
"22206","Rutherglen",19
"22207","Ryans",0
"22208","Ryanston",0
"22209","Rye",66
"22210","Rythdale",0
"22211","Safety Beach (Vic.)",45
"22212","Sailors Falls",0
"22213","Sailors Gully",5
"22214","Sailors Hill",0
"22215","Sale",111
"22216","Salisbury West",0
"22217","Samaria",3
"22218","San Remo (Vic.)",4
"22219","Sandford (Vic.)",0
"22220","Sandhill Lake",0
"22221","Sandhurst",113
"22222","Sandon (Vic.)",0
"22223","Sandringham (Vic.)",368
"22224","Sandy Creek (Vic.)",0
"22225","Sandy Point (Vic.)",0
"22226","Sargood",0
"22227","Sarsfield",0
"22228","Sassafras (Vic.)",16
"22229","Sawmill Settlement",0
"22230","Scarsdale",9
"22231","Scoresby",224
"22232","Scotchmans Lead",0
"22233","Scotsburn",0
"22234","Scotts Creek (Vic.)",3
"22235","Sea Lake",3
"22236","Seabrook",144
"22237","Seacombe",0
"22238","Seaford (Vic.)",191
"22239","Seaholme",49
"22240","Seaspray",0
"22241","Seaton (Vic.)",0
"22242","Seaview",0
"22243","Sebastian",0
"22244","Sebastopol (Vic.)",216
"22245","Seddon (Vic.)",178
"22246","Sedgwick",0
"22247","Selby",47
"22248","Selwyn (Vic.)",0
"22249","Separation Creek",0
"22250","Serpentine (Vic.)",0
"22251","Serviceton",0
"22252","Seville",41
"22253","Seville East",9
"22254","Seymour (Vic.)",40
"22255","Shady Creek",4
"22256","Shays Flat",0
"22257","She Oaks",0
"22258","Sheans Creek",0
"22259","Sheep Hills",0
"22260","Shelbourne",4
"22261","Shelford",3
"22262","Shelley (Vic.)",0
"22263","Shepherds Flat",0
"22264","Shepparton",297
"22265","Shepparton East",5
"22266","Shepparton North",12
"22267","Sherbrooke",12
"22268","Shoreham",12
"22269","Sidonia",0
"22270","Silvan",36
"22271","Silverleaves",0
"22272","Simpson (Vic.)",0
"22273","Simpsons Creek",0
"22274","Simson",0
"22275","Skenes Creek",0
"22276","Skenes Creek North",0
"22277","Skibo",0
"22278","Skinners Flat",0
"22279","Skipton",6
"22280","Skye (Vic.)",153
"22281","Slaty Creek",0
"22282","Smeaton",0
"22283","Smiths Beach",0
"22284","Smiths Gully",3
"22285","Smokeytown",0
"22286","Smoko",0
"22287","Smythes Creek",19
"22288","Smythesdale",13
"22289","Snake Island",0
"22290","Snake Valley",10
"22291","Soldiers Hill (Vic.)",96
"22292","Somers",27
"22293","Somerton (Vic.)",0
"22294","Somerville (Vic.)",188
"22295","Sorrento (Vic.)",13
"22296","South Dudley",3
"22297","South Geelong",37
"22298","South Kingsville",44
"22299","South Melbourne",372
"22300","South Morang",631
"22301","South Purrumbete",0
"22302","South Wharf",0
"22303","South Yarra",1610
"22304","Southbank",1939
"22305","Southern Cross (Vic.)",0
"22306","Spargo Creek",0
"22307","Speed",0
"22308","Spotswood",53
"22309","Spring Gully (Vic.)",79
"22310","Spring Hill (Vic.)",7
"22311","Springbank",3
"22312","Springdallah",0
"22313","Springfield (Buloke - Vic.)",0
"22314","Springfield (Macedon Ranges - Vic.)",3
"22315","Springhurst",0
"22316","Springmount",0
"22317","Springvale (Vic.)",1029
"22318","Springvale South",569
"22319","St Albans (Vic.)",1430
"22320","St Albans Park",65
"22321","St Andrews (Vic.)",21
"22322","St Andrews Beach",8
"22323","St Arnaud",12
"22324","St Arnaud East",0
"22325","St Arnaud North",0
"22326","St Clair (Vic.)",0
"22327","St Germains",0
"22328","St Helena",114
"22329","St Helens (Vic.)",0
"22330","St Helens Plains",0
"22331","St James (Vic.)",0
"22332","St Kilda (Vic.)",524
"22333","St Kilda East",402
"22334","St Kilda West",84
"22335","St Leonards (Vic.)",19
"22336","Staceys Bridge",0
"22337","Staffordshire Reef",0
"22338","Staghorn Flat",3
"22339","Stanhope (Vic.)",7
"22340","Stanley (Vic.)",0
"22341","Staughton Vale",3
"22342","Stavely",0
"22343","Stawell",22
"22344","Steels Creek",3
"22345","Steiglitz (Vic.)",0
"22346","Stewarton (Vic.)",0
"22347","Stirling (Vic.)",0
"22348","Stockdale",0
"22349","Stockyard Hill",0
"22350","Stonehaven",3
"22351","Stoneleigh (Vic.)",0
"22352","Stony Creek (Central Goldfields - Vic.)",0
"22353","Stony Creek (South Gippsland - Vic.)",0
"22354","Stonyford",0
"22355","Stradbroke",0
"22356","Strangways",3
"22357","Straten",0
"22358","Stratford (Vic.)",14
"22359","Strath Creek",0
"22360","Strathallan",0
"22361","Strathbogie",0
"22362","Strathdale",177
"22363","Strathdownie",0
"22364","Strathewen",0
"22365","Strathfieldsaye",100
"22366","Strathkellar",0
"22367","Strathlea",0
"22368","Strathmerton",3
"22369","Strathmore (Vic.)",341
"22370","Strathmore Heights",27
"22371","Streatham",0
"22372","Strzelecki (Vic.)",0
"22373","Stuart Mill",0
"22374","Sugarloaf (Vic.)",0
"22375","Sugarloaf Creek",3
"22376","Suggan Buggan",0
"22377","Sulky",5
"22378","Summerlands",0
"22379","Sunbury",826
"22380","Sunday Creek",3
"22381","Sunderland Bay",0
"22382","Sunset Strip (Vic.)",0
"22383","Sunshine (Vic.)",363
"22384","Sunshine North",466
"22385","Sunshine West",634
"22386","Surf Beach (Vic.)",3
"22387","Surrey Hills",700
"22388","Sutherland (Vic.)",0
"22389","Sutherlands Creek",8
"22390","Sutton (Vic.)",0
"22391","Sutton Grange",0
"22392","Swan Bay (Vic.)",0
"22393","Swan Hill",76
"22394","Swan Hill West",0
"22395","Swan Island",0
"22396","Swan Marsh",0
"22397","Swan Reach (Vic.)",0
"22398","Swanpool",0
"22399","Swanwater",0
"22400","Swanwater West",0
"22401","Swifts Creek",0
"22402","Sydenham (Vic.)",385
"22403","Sylvaterre",0
"22404","Tabberabbera",0
"22405","Tabilk",0
"22406","Tabor",0
"22407","Taggerty",0
"22408","Tahara",0
"22409","Tahara Bridge",0
"22410","Tahara West",0
"22411","Talbot (Vic.)",0
"22412","Talgarno",0
"22413","Tallandoon",0
"22414","Tallangatta",4
"22415","Tallangatta East",0
"22416","Tallangatta South",0
"22417","Tallangatta Valley",0
"22418","Tallarook",12
"22419","Tallygaroopna",5
"22420","Tambo Crossing",0
"22421","Tambo Upper",3
"22422","Tamboon",0
"22423","Tamboritha",0
"22424","Taminick",0
"22425","Tamleugh",0
"22426","Tamleugh North",0
"22427","Tandarook",0
"22428","Tandarra",0
"22429","Tangambalanga",6
"22430","Tanjil",0
"22431","Tanjil Bren",0
"22432","Tanjil South",10
"22433","Tanwood",0
"22434","Tanybryn",0
"22435","Taradale (Vic.)",0
"22436","Tarcombe",0
"22437","Tarilta",0
"22438","Tarnagulla",0
"22439","Tarneit",824
"22440","Tarnook",0
"22441","Taroon",0
"22442","Tarra Valley",0
"22443","Tarranyurk",0
"22444","Tarraville",0
"22445","Tarrawarra",0
"22446","Tarrawingee",0
"22447","Tarrayoukyan",0
"22448","Tarrengower",0
"22449","Tarrenlea",0
"22450","Tarrington",3
"22451","Tarrone",0
"22452","Tarwin",0
"22453","Tarwin Lower",3
"22454","Tatong",0
"22455","Tatura",32
"22456","Tatura East",3
"22457","Tatyoon",0
"22458","Tawonga",0
"22459","Tawonga South",3
"22460","Taylor Bay",0
"22461","Taylors Hill",472
"22462","Taylors Lakes",788
"22463","Teal Point",0
"22464","Tecoma",50
"22465","Teddywaddy",0
"22466","Teddywaddy West",0
"22467","Teesdale (Vic.)",19
"22468","Telangatuk East",0
"22469","Telford",0
"22470","Telopea Downs",0
"22471","Templestowe",717
"22472","Templestowe Lower",491
"22473","Tempy",0
"22474","Tenby Point",0
"22475","Tennyson (Vic.)",0
"22476","Terang",17
"22477","Terip Terip",0
"22478","Terrappee",0
"22479","Terrick Terrick",0
"22480","Terrick Terrick East",0
"22481","Tesbury",0
"22482","Tetoora Road",0
"22483","Thalia",0
"22484","The Basin (Vic.)",91
"22485","The Cove",0
"22486","The Gurdies",0
"22487","The Heart",0
"22488","The Honeysuckles",0
"22489","The Patch",18
"22490","The Sisters",3
"22491","Thologolong",0
"22492","Thomastown",587
"22493","Thomson (Baw Baw - Vic.)",0
"22494","Thomson (Greater Geelong - Vic.)",35
"22495","Thoona",0
"22496","Thornbury",627
"22497","Thornton (Vic.)",0
"22498","Thorpdale",4
"22499","Thorpdale South",0
"22500","Thowgla Valley",0
"22501","Three Bridges",0
"22502","Timbarra (Vic.)",0
"22503","Timboon",9
"22504","Timboon West",0
"22505","Timmering",0
"22506","Timor (Vic.)",0
"22507","Timor West",0
"22508","Tinamba",3
"22509","Tinamba West",0
"22510","Tintaldra",0
"22511","Tittybong",0
"22512","Tol Tol",0
"22513","Tolmie",0
"22514","Tom Groggin",0
"22515","Tongala",5
"22516","Tonghi Creek",0
"22517","Tongio",0
"22518","Tonimbuk",3
"22519","Tooan",0
"22520","Tooborac",0
"22521","Toolamba",6
"22522","Toolamba West",0
"22523","Toolangi",0
"22524","Toolern Vale",17
"22525","Toolleen",0
"22526","Toolome",0
"22527","Toolondo",0
"22528","Toolong",0
"22529","Toombon",0
"22530","Toongabbie (Vic.)",16
"22531","Toora (Vic.)",0
"22532","Toora North",0
"22533","Tooradin",18
"22534","Toorak",636
"22535","Toorloo Arm",0
"22536","Toorongo",0
"22537","Tootgarook",17
"22538","Torquay (Vic.)",252
"22539","Torrita",0
"22540","Torrumbarry",0
"22541","Torwood",0
"22542","Tostaree",0
"22543","Tottenham (Vic.)",0
"22544","Tottington",0
"22545","Tourello",0
"22546","Towan",0
"22547","Towaninny",0
"22548","Towaninny South",0
"22549","Tower Hill",0
"22550","Towong",3
"22551","Towong Upper",0
"22552","Trafalgar (Vic.)",34
"22553","Trafalgar East",5
"22554","Trafalgar South",3
"22555","Tragowel",0
"22556","Traralgon",324
"22557","Traralgon East",23
"22558","Traralgon South",5
"22559","Travancore",289
"22560","Trawalla",0
"22561","Trawool",0
"22562","Traynors Lagoon",0
"22563","Tremont",0
"22564","Trentham",3
"22565","Trentham East",0
"22566","Tresco",0
"22567","Tresco West",0
"22568","Trida",0
"22569","Truganina",463
"22570","Tubbut",0
"22571","Tuerong",5
"22572","Tulkara",0
"22573","Tullamarine",129
"22574","Tungamah",0
"22575","Turoar",0
"22576","Turriff",0
"22577","Turriff East",0
"22578","Turtons Creek",0
"22579","Tutye",0
"22580","Tyaak",0
"22581","Tyabb",66
"22582","Tyenna (Vic.)",0
"22583","Tyers",3
"22584","Tylden",3
"22585","Tynong",6
"22586","Tynong North",13
"22587","Tyntynder",0
"22588","Tyntynder South",3
"22589","Tyrendarra",0
"22590","Tyrendarra East",0
"22591","Tyrrell",0
"22592","Tyrrell Downs",0
"22593","Ullina",0
"22594","Ullswater",0
"22595","Ultima",0
"22596","Ultima East",0
"22597","Ulupna",0
"22598","Undera",5
"22599","Underbool",0
"22600","Upotipotpon",0
"22601","Upper Ferntree Gully",64
"22602","Upper Gundowring",0
"22603","Upper Lurg",0
"22604","Upper Plenty",3
"22605","Upper Ryans Creek",0
"22606","Upton Hill",0
"22607","Upwey",161
"22608","Valencia Creek",0
"22609","Vasey",0
"22610","Vaughan",0
"22611","Vectis",5
"22612","Ventnor (Vic.)",6
"22613","Venus Bay (Vic.)",3
"22614","Vermont",319
"22615","Vermont South",576
"22616","Vervale",0
"22617","Vesper",3
"22618","Victoria Point (Vic.)",0
"22619","Victoria Valley (Vic.)",0
"22620","Viewbank",212
"22621","Vinifera",3
"22622","Violet Town",0
"22623","Vite Vite",0
"22624","Vite Vite North",0
"22625","W Tree",0
"22626","Waaia",0
"22627","Waanyarra",0
"22628","Waarre",0
"22629","Wabonga",0
"22630","Waggarandall",0
"22631","Wahgunyah",5
"22632","Wahring",0
"22633","Wail",0
"22634","Wairewa",0
"22635","Waitchie",3
"22636","Wal Wal",0
"22637","Waldara",5
"22638","Walhalla",0
"22639","Walhalla East",0
"22640","Walkerville (Vic.)",0
"22641","Walkerville North",0
"22642","Walkerville South",0
"22643","Wallace",0
"22644","Wallacedale",0
"22645","Wallagaraugh",0
"22646","Wallaloo",0
"22647","Wallaloo East",0
"22648","Wallan",133
"22649","Wallinduc",0
"22650","Wallington",30
"22651","Wallup",0
"22652","Walmer (Vic.)",0
"22653","Walpa",0
"22654","Walpeup",0
"22655","Walwa",0
"22656","Wandana Heights",97
"22657","Wandella (Vic.)",0
"22658","Wandiligong",0
"22659","Wandin East",4
"22660","Wandin North",48
"22661","Wando Bridge",0
"22662","Wando Vale",0
"22663","Wandong",34
"22664","Wandown",0
"22665","Wangandary",0
"22666","Wangarabell",0
"22667","Wangaratta (Vic.)",129
"22668","Wangaratta South",3
"22669","Wangie",0
"22670","Wangoom",0
"22671","Wannon",0
"22672","Wantirna",456
"22673","Wantirna South",872
"22674","Waranga Shores",3
"22675","Waratah Bay",0
"22676","Warburton (Vic.)",16
"22677","Wareek",3
"22678","Wargan",0
"22679","Warmur",0
"22680","Warncoort",0
"22681","Warne",0
"22682","Warneet",3
"22683","Warrabkook",0
"22684","Warracknabeal",4
"22685","Warragul",243
"22686","Warragul South",3
"22687","Warragul West",0
"22688","Warrak",0
"22689","Warrandyte",216
"22690","Warrandyte South",34
"22691","Warranwood",204
"22692","Warrayure",0
"22693","Warrenbayne",0
"22694","Warrenheip",18
"22695","Warrenmang",0
"22696","Warrion",0
"22697","Warrnambool",408
"22698","Warrock",0
"22699","Warrong",0
"22700","Wartook",0
"22701","Watchem",0
"22702","Watchem West",0
"22703","Watchupga",0
"22704","Waterford Park",0
"22705","Waterholes",0
"22706","Waterloo (Vic.)",0
"22707","Waterways",125
"22708","Watsonia",117
"22709","Watsonia North",113
"22710","Watsons Creek (Vic.)",0
"22711","Wattle Bank",0
"22712","Wattle Creek",0
"22713","Wattle Flat (Vic.)",0
"22714","Wattle Glen",62
"22715","Wattle Hill (Vic.)",0
"22716","Waubra",3
"22717","Waurn Ponds",896
"22718","Waygara",0
"22719","Weatherboard",0
"22720","Wedderburn (Vic.)",5
"22721","Wedderburn Junction",0
"22722","Wee Wee Rup",0
"22723","Weeaproinah",0
"22724","Weering",0
"22725","Weerite",0
"22726","Wehla",0
"22727","Wellsford",0
"22728","Welshmans Reef",3
"22729","Welshpool (Vic.)",0
"22730","Wemen",0
"22731","Wendouree",123
"22732","Wensleydale",0
"22733","Wentworth (Vic.)",0
"22734","Werneth",0
"22735","Werona",0
"22736","Werribee",868
"22737","Werribee South",23
"22738","Werrimull",3
"22739","Wesburn",8
"22740","West Bendigo",3
"22741","West Creek",0
"22742","West Footscray",453
"22743","West Melbourne",517
"22744","West Wodonga",159
"22745","Westbury (Vic.)",0
"22746","Westby",0
"22747","Westmeadows",137
"22748","Westmere",0
"22749","Whanregarwen",0
"22750","Wharparilla",0
"22751","Wheatsheaf",0
"22752","Wheelers Hill",847
"22753","Whipstick",0
"22754","Whirily",0
"22755","White Hills (Vic.)",63
"22756","Whiteheads Creek",3
"22757","Whitelaw",0
"22758","Whitfield (Vic.)",3
"22759","Whitlands",0
"22760","Whittington",44
"22761","Whittlesea",79
"22762","Whoorel",0
"22763","Whorouly",0
"22764","Whorouly East",0
"22765","Whorouly South",3
"22766","Whroo",0
"22767","Wickliffe",0
"22768","Wilby",0
"22769","Wild Dog Valley (Vic.)",0
"22770","Wildwood",4
"22771","Wilkur",0
"22772","Willangie",0
"22773","Willatook",0
"22774","Willaura",6
"22775","Willaura North",0
"22776","Willenabrina",0
"22777","Williams Landing",189
"22778","Williamstown (Vic.)",518
"22779","Williamstown North",55
"22780","Willow Grove",4
"22781","Willowmavin",3
"22782","Willowvale (Vic.)",0
"22783","Willung",0
"22784","Willung South",3
"22785","Wilsons Hill",0
"22786","Wilsons Promontory",0
"22787","Wimbledon Heights",0
"22788","Winchelsea",19
"22789","Winchelsea South",5
"22790","Windermere (Vic.)",0
"22791","Windsor (Vic.)",277
"22792","Wingan River",0
"22793","Wingeel",0
"22794","Winjallok",0
"22795","Winlaton",0
"22796","Winnambool",0
"22797","Winnap",0
"22798","Winnindoo",0
"22799","Winslow",0
"22800","Winton (Vic.)",0
"22801","Winton North",0
"22802","Wirrate",0
"22803","Wiseleigh",0
"22804","Wodonga",172
"22805","Wollert",193
"22806","Wombat Creek (Vic.)",0
"22807","Wombelano",0
"22808","Won Wron",3
"22809","Wonga",0
"22810","Wonga Park",161
"22811","Wongarra",0
"22812","Wongungarra",0
"22813","Wonnangatta",0
"22814","Wonthaggi",26
"22815","Wonwondah",0
"22816","Wonyip",0
"22817","Wood Wood",0
"22818","Woodend (Vic.)",88
"22819","Woodend North",3
"22820","Woodfield",0
"22821","Woodford (Vic.)",0
"22822","Woodglen",0
"22823","Woodhouse",0
"22824","Woodleigh (Vic.)",0
"22825","Woods Point (Vic.)",0
"22826","Woodside (Vic.)",3
"22827","Woodside Beach",0
"22828","Woodstock (Vic.)",3
"22829","Woodstock On Loddon",0
"22830","Woodstock West",0
"22831","Woodvale (Vic.)",5
"22832","Wool Wool",0
"22833","Woolamai",0
"22834","Woolenook",0
"22835","Woolshed Flat (Vic.)",0
"22836","Woolsthorpe",0
"22837","Woomelang",0
"22838","Wooragee",3
"22839","Woorarra East",0
"22840","Woorarra West",0
"22841","Wooreen",0
"22842","Woori Yallock",21
"22843","Woorinen",4
"22844","Woorinen North",3
"22845","Woorinen South",0
"22846","Woorndoo",0
"22847","Wooroonook",0
"22848","Woosang",0
"22849","Wootong Vale",0
"22850","Worrowing",0
"22851","Wrathung",0
"22852","Wrixon",0
"22853","Wroxham",0
"22854","Wuk Wuk",0
"22855","Wulgulmerang",0
"22856","Wulgulmerang East",0
"22857","Wulgulmerang West",0
"22858","Wunghnu",4
"22859","Wurdiboluc",3
"22860","Wurruk",7
"22861","Wy Yung",9
"22862","Wycheproof",3
"22863","Wycheproof South",0
"22864","Wychitella",0
"22865","Wychitella North",0
"22866","Wye River",0
"22867","Wyelangta",0
"22868","Wyndham Vale",437
"22869","Wyuna (Vic.)",0
"22870","Wyuna East",3
"22871","Yaapeet",0
"22872","Yabba North",0
"22873","Yabba South",0
"22874","Yackandandah",7
"22875","Yalca",0
"22876","Yalla-Y-Poora",0
"22877","Yallambie",111
"22878","Yallourn",4
"22879","Yallourn North",17
"22880","Yalmy",0
"22881","Yambuk",6
"22882","Yambuna",4
"22883","Yan Yean",8
"22884","Yanac",0
"22885","Yanakie",0
"22886","Yando",0
"22887","Yandoit",0
"22888","Yandoit Hills",0
"22889","Yangery",0
"22890","Yangoura",0
"22891","Yannathan",0
"22892","Yapeen",0
"22893","Yarck",0
"22894","Yarpturk",0
"22895","Yarra Glen",50
"22896","Yarra Junction",13
"22897","Yarraberb",0
"22898","Yarragon",15
"22899","Yarragon South",0
"22900","Yarram",12
"22901","Yarrambat",62
"22902","Yarraville",407
"22903","Yarrawalla",0
"22904","Yarrawonga (Vic.)",40
"22905","Yarrawonga South",0
"22906","Yarroweyah",3
"22907","Yatchaw",0
"22908","Yawong Hills",0
"22909","Yea",14
"22910","Yellingbo",13
"22911","Yelta (Vic.)",0
"22912","Yendon",4
"22913","Yeo",0
"22914","Yeodene",0
"22915","Yering",4
"22916","Yeungroon",0
"22917","Yeungroon East",0
"22918","Yielima",0
"22919","Yinnar",18
"22920","Yinnar South",8
"22921","York Plains (Vic.)",0
"22922","Youanmite",0
"22923","Youarang",0
"22924","Yulecart",0
"22925","Yundool",0
"22926","Yuroke",6
"22927","Yuulong",0
"22928","Zeerust",0
"22929","Zumsteins",0
"29494","No usual address (Vic.)",229
"29797","Migratory - Offshore - Shipping (Vic.)",0
